Label (Grouping),Total
ZCTA5 20105,
    ZCTA5 20105,"34,475"
ZCTA5 20106,
    ZCTA5 20106,"4,554"
ZCTA5 20109,
    ZCTA5 20109,"43,849"
ZCTA5 20110,
    ZCTA5 20110,"49,120"
ZCTA5 20111,
    ZCTA5 20111,"38,883"
ZCTA5 20112,
    ZCTA5 20112,"29,459"
ZCTA5 20115,
    ZCTA5 20115,"6,536"
ZCTA5 20117,
    ZCTA5 20117,"2,746"
ZCTA5 20119,
    ZCTA5 20119,"4,263"
ZCTA5 20120,
    ZCTA5 20120,"42,697"
ZCTA5 20121,
    ZCTA5 20121,"28,901"
ZCTA5 20124,
    ZCTA5 20124,"14,999"
ZCTA5 20129,
    ZCTA5 20129,482
ZCTA5 20130,
    ZCTA5 20130,359
ZCTA5 20132,
    ZCTA5 20132,"18,483"
ZCTA5 20135,
    ZCTA5 20135,"2,935"
ZCTA5 20136,
    ZCTA5 20136,"31,622"
ZCTA5 20137,
    ZCTA5 20137,"1,801"
ZCTA5 20141,
    ZCTA5 20141,"8,178"
ZCTA5 20143,
    ZCTA5 20143,"1,124"
ZCTA5 20144,
    ZCTA5 20144,"1,096"
ZCTA5 20147,
    ZCTA5 20147,"66,394"
ZCTA5 20148,
    ZCTA5 20148,"61,793"
ZCTA5 20151,
    ZCTA5 20151,"22,653"
ZCTA5 20152,
    ZCTA5 20152,"37,013"
ZCTA5 20155,
    ZCTA5 20155,"37,218"
ZCTA5 20158,
    ZCTA5 20158,"4,639"
ZCTA5 20164,
    ZCTA5 20164,"40,888"
ZCTA5 20165,
    ZCTA5 20165,"33,777"
ZCTA5 20166,
    ZCTA5 20166,"14,164"
ZCTA5 20169,
    ZCTA5 20169,"28,182"
ZCTA5 20170,
    ZCTA5 20170,"42,756"
ZCTA5 20171,
    ZCTA5 20171,"51,759"
ZCTA5 20175,
    ZCTA5 20175,"33,245"
ZCTA5 20176,
    ZCTA5 20176,"51,777"
ZCTA5 20180,
    ZCTA5 20180,"8,073"
ZCTA5 20181,
    ZCTA5 20181,"9,765"
ZCTA5 20184,
    ZCTA5 20184,735
ZCTA5 20186,
    ZCTA5 20186,"15,171"
ZCTA5 20187,
    ZCTA5 20187,"18,888"
ZCTA5 20190,
    ZCTA5 20190,"20,957"
ZCTA5 20191,
    ZCTA5 20191,"29,948"
ZCTA5 20194,
    ZCTA5 20194,"13,171"
ZCTA5 20197,
    ZCTA5 20197,"2,558"
ZCTA5 20198,
    ZCTA5 20198,"2,440"
ZCTA5 22003,
    ZCTA5 22003,"59,372"
ZCTA5 22015,
    ZCTA5 22015,"43,941"
ZCTA5 22025,
    ZCTA5 22025,"18,470"
ZCTA5 22026,
    ZCTA5 22026,"20,225"
ZCTA5 22027,
    ZCTA5 22027,"2,330"
ZCTA5 22030,
    ZCTA5 22030,"60,431"
ZCTA5 22031,
    ZCTA5 22031,"35,256"
ZCTA5 22032,
    ZCTA5 22032,"29,909"
ZCTA5 22033,
    ZCTA5 22033,"40,692"
ZCTA5 22035,
    ZCTA5 22035,22
ZCTA5 22039,
    ZCTA5 22039,"18,278"
ZCTA5 22041,
    ZCTA5 22041,"28,039"
ZCTA5 22042,
    ZCTA5 22042,"34,638"
ZCTA5 22043,
    ZCTA5 22043,"25,850"
ZCTA5 22044,
    ZCTA5 22044,"13,847"
ZCTA5 22046,
    ZCTA5 22046,"18,576"
ZCTA5 22060,
    ZCTA5 22060,"9,677"
ZCTA5 22066,
    ZCTA5 22066,"18,165"
ZCTA5 22079,
    ZCTA5 22079,"35,225"
ZCTA5 22101,
    ZCTA5 22101,"31,414"
ZCTA5 22102,
    ZCTA5 22102,"27,743"
ZCTA5 22124,
    ZCTA5 22124,"18,488"
ZCTA5 22125,
    ZCTA5 22125,917
ZCTA5 22134,
    ZCTA5 22134,"7,357"
ZCTA5 22150,
    ZCTA5 22150,"27,955"
ZCTA5 22151,
    ZCTA5 22151,"18,026"
ZCTA5 22152,
    ZCTA5 22152,"29,843"
ZCTA5 22153,
    ZCTA5 22153,"32,697"
ZCTA5 22172,
    ZCTA5 22172,"10,679"
ZCTA5 22180,
    ZCTA5 22180,"26,666"
ZCTA5 22181,
    ZCTA5 22181,"15,555"
ZCTA5 22182,
    ZCTA5 22182,"27,778"
ZCTA5 22191,
    ZCTA5 22191,"74,189"
ZCTA5 22192,
    ZCTA5 22192,"60,299"
ZCTA5 22193,
    ZCTA5 22193,"83,064"
ZCTA5 22201,
    ZCTA5 22201,"39,331"
ZCTA5 22202,
    ZCTA5 22202,"28,472"
ZCTA5 22203,
    ZCTA5 22203,"25,437"
ZCTA5 22204,
    ZCTA5 22204,"52,761"
ZCTA5 22205,
    ZCTA5 22205,"18,594"
ZCTA5 22206,
    ZCTA5 22206,"21,645"
ZCTA5 22207,
    ZCTA5 22207,"33,734"
ZCTA5 22209,
    ZCTA5 22209,"14,859"
ZCTA5 22211,
    ZCTA5 22211,924
ZCTA5 22213,
    ZCTA5 22213,"3,600"
ZCTA5 22214,
    ZCTA5 22214,0
ZCTA5 22301,
    ZCTA5 22301,"14,356"
ZCTA5 22302,
    ZCTA5 22302,"17,972"
ZCTA5 22303,
    ZCTA5 22303,"16,109"
ZCTA5 22304,
    ZCTA5 22304,"49,237"
ZCTA5 22305,
    ZCTA5 22305,"17,849"
ZCTA5 22306,
    ZCTA5 22306,"33,330"
ZCTA5 22307,
    ZCTA5 22307,"10,271"
ZCTA5 22308,
    ZCTA5 22308,"13,935"
ZCTA5 22309,
    ZCTA5 22309,"33,773"
ZCTA5 22310,
    ZCTA5 22310,"29,611"
ZCTA5 22311,
    ZCTA5 22311,"19,934"
ZCTA5 22312,
    ZCTA5 22312,"30,447"
ZCTA5 22314,
    ZCTA5 22314,"35,784"
ZCTA5 22315,
    ZCTA5 22315,"28,184"
ZCTA5 22401,
    ZCTA5 22401,"27,799"
ZCTA5 22405,
    ZCTA5 22405,"34,430"
ZCTA5 22406,
    ZCTA5 22406,"27,129"
ZCTA5 22407,
    ZCTA5 22407,"62,668"
ZCTA5 22408,
    ZCTA5 22408,"32,043"
ZCTA5 22427,
    ZCTA5 22427,"3,379"
ZCTA5 22432,
    ZCTA5 22432,351
ZCTA5 22433,
    ZCTA5 22433,192
ZCTA5 22435,
    ZCTA5 22435,"2,124"
ZCTA5 22436,
    ZCTA5 22436,618
ZCTA5 22437,
    ZCTA5 22437,694
ZCTA5 22438,
    ZCTA5 22438,426
ZCTA5 22443,
    ZCTA5 22443,"9,151"
ZCTA5 22448,
    ZCTA5 22448,724
ZCTA5 22454,
    ZCTA5 22454,"1,994"
ZCTA5 22460,
    ZCTA5 22460,"1,817"
ZCTA5 22469,
    ZCTA5 22469,"1,722"
ZCTA5 22472,
    ZCTA5 22472,"1,023"
ZCTA5 22473,
    ZCTA5 22473,"5,409"
ZCTA5 22476,
    ZCTA5 22476,333
ZCTA5 22480,
    ZCTA5 22480,850
ZCTA5 22482,
    ZCTA5 22482,"2,794"
ZCTA5 22485,
    ZCTA5 22485,"26,025"
ZCTA5 22488,
    ZCTA5 22488,"1,211"
ZCTA5 22503,
    ZCTA5 22503,"3,997"
ZCTA5 22504,
    ZCTA5 22504,251
ZCTA5 22508,
    ZCTA5 22508,"14,748"
ZCTA5 22509,
    ZCTA5 22509,74
ZCTA5 22511,
    ZCTA5 22511,"1,143"
ZCTA5 22514,
    ZCTA5 22514,"2,605"
ZCTA5 22520,
    ZCTA5 22520,"5,659"
ZCTA5 22529,
    ZCTA5 22529,276
ZCTA5 22534,
    ZCTA5 22534,"3,102"
ZCTA5 22535,
    ZCTA5 22535,667
ZCTA5 22538,
    ZCTA5 22538,255
ZCTA5 22539,
    ZCTA5 22539,"2,113"
ZCTA5 22542,
    ZCTA5 22542,"2,048"
ZCTA5 22546,
    ZCTA5 22546,"17,757"
ZCTA5 22548,
    ZCTA5 22548,88
ZCTA5 22551,
    ZCTA5 22551,"21,236"
ZCTA5 22553,
    ZCTA5 22553,"16,476"
ZCTA5 22554,
    ZCTA5 22554,"64,354"
ZCTA5 22556,
    ZCTA5 22556,"29,688"
ZCTA5 22560,
    ZCTA5 22560,"6,465"
ZCTA5 22567,
    ZCTA5 22567,"2,949"
ZCTA5 22572,
    ZCTA5 22572,"6,283"
ZCTA5 22576,
    ZCTA5 22576,"1,672"
ZCTA5 22578,
    ZCTA5 22578,"2,449"
ZCTA5 22580,
    ZCTA5 22580,"5,293"
ZCTA5 22601,
    ZCTA5 22601,"29,720"
ZCTA5 22602,
    ZCTA5 22602,"30,865"
ZCTA5 22603,
    ZCTA5 22603,"16,298"
ZCTA5 22610,
    ZCTA5 22610,"2,125"
ZCTA5 22611,
    ZCTA5 22611,"9,176"
ZCTA5 22620,
    ZCTA5 22620,"2,595"
ZCTA5 22623,
    ZCTA5 22623,660
ZCTA5 22624,
    ZCTA5 22624,"2,595"
ZCTA5 22625,
    ZCTA5 22625,"3,784"
ZCTA5 22627,
    ZCTA5 22627,668
ZCTA5 22630,
    ZCTA5 22630,"33,829"
ZCTA5 22637,
    ZCTA5 22637,"2,122"
ZCTA5 22639,
    ZCTA5 22639,664
ZCTA5 22640,
    ZCTA5 22640,498
ZCTA5 22641,
    ZCTA5 22641,299
ZCTA5 22642,
    ZCTA5 22642,"4,701"
ZCTA5 22643,
    ZCTA5 22643,362
ZCTA5 22644,
    ZCTA5 22644,"2,381"
ZCTA5 22645,
    ZCTA5 22645,"4,208"
ZCTA5 22646,
    ZCTA5 22646,80
ZCTA5 22650,
    ZCTA5 22650,962
ZCTA5 22652,
    ZCTA5 22652,"1,535"
ZCTA5 22654,
    ZCTA5 22654,894
ZCTA5 22655,
    ZCTA5 22655,"22,395"
ZCTA5 22656,
    ZCTA5 22656,"5,454"
ZCTA5 22657,
    ZCTA5 22657,"11,974"
ZCTA5 22660,
    ZCTA5 22660,"1,715"
ZCTA5 22663,
    ZCTA5 22663,"1,761"
ZCTA5 22664,
    ZCTA5 22664,"9,383"
ZCTA5 22701,
    ZCTA5 22701,"37,411"
ZCTA5 22709,
    ZCTA5 22709,945
ZCTA5 22711,
    ZCTA5 22711,148
ZCTA5 22712,
    ZCTA5 22712,"10,587"
ZCTA5 22713,
    ZCTA5 22713,"1,454"
ZCTA5 22714,
    ZCTA5 22714,921
ZCTA5 22715,
    ZCTA5 22715,"1,124"
ZCTA5 22716,
    ZCTA5 22716,883
ZCTA5 22718,
    ZCTA5 22718,690
ZCTA5 22719,
    ZCTA5 22719,312
ZCTA5 22720,
    ZCTA5 22720,916
ZCTA5 22722,
    ZCTA5 22722,238
ZCTA5 22723,
    ZCTA5 22723,114
ZCTA5 22724,
    ZCTA5 22724,"2,400"
ZCTA5 22725,
    ZCTA5 22725,38
ZCTA5 22726,
    ZCTA5 22726,766
ZCTA5 22727,
    ZCTA5 22727,"5,495"
ZCTA5 22728,
    ZCTA5 22728,"3,133"
ZCTA5 22729,
    ZCTA5 22729,"1,192"
ZCTA5 22730,
    ZCTA5 22730,157
ZCTA5 22731,
    ZCTA5 22731,316
ZCTA5 22732,
    ZCTA5 22732,325
ZCTA5 22733,
    ZCTA5 22733,"1,391"
ZCTA5 22734,
    ZCTA5 22734,"3,470"
ZCTA5 22735,
    ZCTA5 22735,"2,259"
ZCTA5 22736,
    ZCTA5 22736,620
ZCTA5 22737,
    ZCTA5 22737,"3,382"
ZCTA5 22738,
    ZCTA5 22738,"1,225"
ZCTA5 22740,
    ZCTA5 22740,"1,240"
ZCTA5 22741,
    ZCTA5 22741,226
ZCTA5 22742,
    ZCTA5 22742,"1,726"
ZCTA5 22743,
    ZCTA5 22743,145
ZCTA5 22746,
    ZCTA5 22746,216
ZCTA5 22747,
    ZCTA5 22747,"1,081"
ZCTA5 22749,
    ZCTA5 22749,469
ZCTA5 22801,
    ZCTA5 22801,"40,460"
ZCTA5 22802,
    ZCTA5 22802,"28,383"
ZCTA5 22807,
    ZCTA5 22807,"5,575"
ZCTA5 22810,
    ZCTA5 22810,798
ZCTA5 22811,
    ZCTA5 22811,435
ZCTA5 22812,
    ZCTA5 22812,"9,799"
ZCTA5 22815,
    ZCTA5 22815,"9,083"
ZCTA5 22820,
    ZCTA5 22820,281
ZCTA5 22821,
    ZCTA5 22821,"5,848"
ZCTA5 22824,
    ZCTA5 22824,"6,070"
ZCTA5 22827,
    ZCTA5 22827,"10,769"
ZCTA5 22830,
    ZCTA5 22830,"1,671"
ZCTA5 22831,
    ZCTA5 22831,918
ZCTA5 22832,
    ZCTA5 22832,"1,181"
ZCTA5 22834,
    ZCTA5 22834,"1,354"
ZCTA5 22835,
    ZCTA5 22835,"11,561"
ZCTA5 22840,
    ZCTA5 22840,"4,524"
ZCTA5 22841,
    ZCTA5 22841,"3,047"
ZCTA5 22842,
    ZCTA5 22842,"5,215"
ZCTA5 22843,
    ZCTA5 22843,"2,374"
ZCTA5 22844,
    ZCTA5 22844,"4,599"
ZCTA5 22845,
    ZCTA5 22845,72
ZCTA5 22846,
    ZCTA5 22846,"2,254"
ZCTA5 22847,
    ZCTA5 22847,993
ZCTA5 22849,
    ZCTA5 22849,"4,891"
ZCTA5 22850,
    ZCTA5 22850,971
ZCTA5 22851,
    ZCTA5 22851,"5,771"
ZCTA5 22853,
    ZCTA5 22853,"4,608"
ZCTA5 22901,
    ZCTA5 22901,"36,938"
ZCTA5 22902,
    ZCTA5 22902,"22,457"
ZCTA5 22903,
    ZCTA5 22903,"42,170"
ZCTA5 22904,
    ZCTA5 22904,"4,917"
ZCTA5 22908,
    ZCTA5 22908,0
ZCTA5 22911,
    ZCTA5 22911,"19,236"
ZCTA5 22920,
    ZCTA5 22920,"4,192"
ZCTA5 22922,
    ZCTA5 22922,"1,997"
ZCTA5 22923,
    ZCTA5 22923,"5,819"
ZCTA5 22931,
    ZCTA5 22931,357
ZCTA5 22932,
    ZCTA5 22932,"10,443"
ZCTA5 22935,
    ZCTA5 22935,"1,068"
ZCTA5 22936,
    ZCTA5 22936,"5,356"
ZCTA5 22937,
    ZCTA5 22937,"1,401"
ZCTA5 22938,
    ZCTA5 22938,"1,314"
ZCTA5 22939,
    ZCTA5 22939,"6,478"
ZCTA5 22940,
    ZCTA5 22940,"1,081"
ZCTA5 22942,
    ZCTA5 22942,"9,435"
ZCTA5 22943,
    ZCTA5 22943,543
ZCTA5 22946,
    ZCTA5 22946,182
ZCTA5 22947,
    ZCTA5 22947,"5,000"
ZCTA5 22948,
    ZCTA5 22948,252
ZCTA5 22949,
    ZCTA5 22949,"1,322"
ZCTA5 22952,
    ZCTA5 22952,"1,939"
ZCTA5 22957,
    ZCTA5 22957,5
ZCTA5 22958,
    ZCTA5 22958,"1,981"
ZCTA5 22959,
    ZCTA5 22959,"1,712"
ZCTA5 22960,
    ZCTA5 22960,"11,067"
ZCTA5 22963,
    ZCTA5 22963,"16,279"
ZCTA5 22964,
    ZCTA5 22964,193
ZCTA5 22967,
    ZCTA5 22967,"1,857"
ZCTA5 22968,
    ZCTA5 22968,"10,632"
ZCTA5 22969,
    ZCTA5 22969,"1,313"
ZCTA5 22971,
    ZCTA5 22971,"1,709"
ZCTA5 22972,
    ZCTA5 22972,391
ZCTA5 22973,
    ZCTA5 22973,"6,588"
ZCTA5 22974,
    ZCTA5 22974,"5,427"
ZCTA5 22976,
    ZCTA5 22976,307
ZCTA5 22980,
    ZCTA5 22980,"33,049"
ZCTA5 22989,
    ZCTA5 22989,170
ZCTA5 23002,
    ZCTA5 23002,"10,555"
ZCTA5 23004,
    ZCTA5 23004,759
ZCTA5 23005,
    ZCTA5 23005,"17,818"
ZCTA5 23009,
    ZCTA5 23009,"7,737"
ZCTA5 23011,
    ZCTA5 23011,"1,555"
ZCTA5 23015,
    ZCTA5 23015,"4,590"
ZCTA5 23021,
    ZCTA5 23021,78
ZCTA5 23022,
    ZCTA5 23022,910
ZCTA5 23023,
    ZCTA5 23023,395
ZCTA5 23024,
    ZCTA5 23024,"9,108"
ZCTA5 23025,
    ZCTA5 23025,531
ZCTA5 23027,
    ZCTA5 23027,"1,345"
ZCTA5 23030,
    ZCTA5 23030,"4,678"
ZCTA5 23032,
    ZCTA5 23032,252
ZCTA5 23035,
    ZCTA5 23035,"1,410"
ZCTA5 23038,
    ZCTA5 23038,"1,935"
ZCTA5 23039,
    ZCTA5 23039,"1,124"
ZCTA5 23040,
    ZCTA5 23040,"4,555"
ZCTA5 23043,
    ZCTA5 23043,"1,627"
ZCTA5 23045,
    ZCTA5 23045,133
ZCTA5 23047,
    ZCTA5 23047,"2,064"
ZCTA5 23050,
    ZCTA5 23050,671
ZCTA5 23055,
    ZCTA5 23055,831
ZCTA5 23056,
    ZCTA5 23056,425
ZCTA5 23059,
    ZCTA5 23059,"40,249"
ZCTA5 23060,
    ZCTA5 23060,"38,288"
ZCTA5 23061,
    ZCTA5 23061,"22,256"
ZCTA5 23062,
    ZCTA5 23062,"2,652"
ZCTA5 23063,
    ZCTA5 23063,"5,527"
ZCTA5 23065,
    ZCTA5 23065,"1,602"
ZCTA5 23066,
    ZCTA5 23066,578
ZCTA5 23068,
    ZCTA5 23068,241
ZCTA5 23069,
    ZCTA5 23069,"3,835"
ZCTA5 23070,
    ZCTA5 23070,463
ZCTA5 23071,
    ZCTA5 23071,"1,567"
ZCTA5 23072,
    ZCTA5 23072,"12,312"
ZCTA5 23075,
    ZCTA5 23075,"10,236"
ZCTA5 23076,
    ZCTA5 23076,433
ZCTA5 23079,
    ZCTA5 23079,401
ZCTA5 23081,
    ZCTA5 23081,8
ZCTA5 23083,
    ZCTA5 23083,"2,180"
ZCTA5 23084,
    ZCTA5 23084,"1,842"
ZCTA5 23085,
    ZCTA5 23085,384
ZCTA5 23086,
    ZCTA5 23086,"3,416"
ZCTA5 23089,
    ZCTA5 23089,"5,507"
ZCTA5 23091,
    ZCTA5 23091,329
ZCTA5 23092,
    ZCTA5 23092,657
ZCTA5 23093,
    ZCTA5 23093,"14,170"
ZCTA5 23102,
    ZCTA5 23102,"3,195"
ZCTA5 23103,
    ZCTA5 23103,"5,836"
ZCTA5 23106,
    ZCTA5 23106,960
ZCTA5 23108,
    ZCTA5 23108,149
ZCTA5 23109,
    ZCTA5 23109,"1,806"
ZCTA5 23110,
    ZCTA5 23110,687
ZCTA5 23111,
    ZCTA5 23111,"38,151"
ZCTA5 23112,
    ZCTA5 23112,"54,592"
ZCTA5 23113,
    ZCTA5 23113,"26,190"
ZCTA5 23114,
    ZCTA5 23114,"21,160"
ZCTA5 23116,
    ZCTA5 23116,"32,410"
ZCTA5 23117,
    ZCTA5 23117,"10,324"
ZCTA5 23119,
    ZCTA5 23119,289
ZCTA5 23120,
    ZCTA5 23120,"14,424"
ZCTA5 23123,
    ZCTA5 23123,"1,827"
ZCTA5 23124,
    ZCTA5 23124,"4,879"
ZCTA5 23126,
    ZCTA5 23126,459
ZCTA5 23128,
    ZCTA5 23128,707
ZCTA5 23129,
    ZCTA5 23129,300
ZCTA5 23130,
    ZCTA5 23130,163
ZCTA5 23138,
    ZCTA5 23138,"1,156"
ZCTA5 23139,
    ZCTA5 23139,"27,015"
ZCTA5 23140,
    ZCTA5 23140,"5,956"
ZCTA5 23141,
    ZCTA5 23141,"7,739"
ZCTA5 23146,
    ZCTA5 23146,"3,151"
ZCTA5 23147,
    ZCTA5 23147,5
ZCTA5 23148,
    ZCTA5 23148,"1,504"
ZCTA5 23149,
    ZCTA5 23149,"3,031"
ZCTA5 23150,
    ZCTA5 23150,"12,556"
ZCTA5 23153,
    ZCTA5 23153,"1,609"
ZCTA5 23156,
    ZCTA5 23156,"1,472"
ZCTA5 23160,
    ZCTA5 23160,"1,009"
ZCTA5 23161,
    ZCTA5 23161,130
ZCTA5 23163,
    ZCTA5 23163,186
ZCTA5 23168,
    ZCTA5 23168,"8,624"
ZCTA5 23169,
    ZCTA5 23169,"1,077"
ZCTA5 23173,
    ZCTA5 23173,"2,098"
ZCTA5 23175,
    ZCTA5 23175,"1,931"
ZCTA5 23176,
    ZCTA5 23176,732
ZCTA5 23177,
    ZCTA5 23177,612
ZCTA5 23180,
    ZCTA5 23180,438
ZCTA5 23181,
    ZCTA5 23181,"5,626"
ZCTA5 23185,
    ZCTA5 23185,"51,566"
ZCTA5 23188,
    ZCTA5 23188,"45,438"
ZCTA5 23192,
    ZCTA5 23192,"6,592"
ZCTA5 23219,
    ZCTA5 23219,"5,307"
ZCTA5 23220,
    ZCTA5 23220,"36,942"
ZCTA5 23221,
    ZCTA5 23221,"14,841"
ZCTA5 23222,
    ZCTA5 23222,"24,337"
ZCTA5 23223,
    ZCTA5 23223,"51,960"
ZCTA5 23224,
    ZCTA5 23224,"39,468"
ZCTA5 23225,
    ZCTA5 23225,"40,876"
ZCTA5 23226,
    ZCTA5 23226,"16,955"
ZCTA5 23227,
    ZCTA5 23227,"25,283"
ZCTA5 23228,
    ZCTA5 23228,"36,384"
ZCTA5 23229,
    ZCTA5 23229,"34,471"
ZCTA5 23230,
    ZCTA5 23230,"8,263"
ZCTA5 23231,
    ZCTA5 23231,"37,455"
ZCTA5 23233,
    ZCTA5 23233,"32,610"
ZCTA5 23234,
    ZCTA5 23234,"46,610"
ZCTA5 23235,
    ZCTA5 23235,"34,058"
ZCTA5 23236,
    ZCTA5 23236,"27,516"
ZCTA5 23237,
    ZCTA5 23237,"24,906"
ZCTA5 23238,
    ZCTA5 23238,"26,200"
ZCTA5 23250,
    ZCTA5 23250,0
ZCTA5 23284,
    ZCTA5 23284,"3,074"
ZCTA5 23294,
    ZCTA5 23294,"18,538"
ZCTA5 23298,
    ZCTA5 23298,28
ZCTA5 23301,
    ZCTA5 23301,"1,600"
ZCTA5 23302,
    ZCTA5 23302,78
ZCTA5 23303,
    ZCTA5 23303,685
ZCTA5 23304,
    ZCTA5 23304,101
ZCTA5 23306,
    ZCTA5 23306,"1,066"
ZCTA5 23307,
    ZCTA5 23307,547
ZCTA5 23308,
    ZCTA5 23308,"2,068"
ZCTA5 23310,
    ZCTA5 23310,"5,260"
ZCTA5 23314,
    ZCTA5 23314,"9,523"
ZCTA5 23315,
    ZCTA5 23315,"1,479"
ZCTA5 23316,
    ZCTA5 23316,107
ZCTA5 23320,
    ZCTA5 23320,"60,412"
ZCTA5 23321,
    ZCTA5 23321,"37,752"
ZCTA5 23322,
    ZCTA5 23322,"66,994"
ZCTA5 23323,
    ZCTA5 23323,"42,736"
ZCTA5 23324,
    ZCTA5 23324,"24,239"
ZCTA5 23325,
    ZCTA5 23325,"17,601"
ZCTA5 23336,
    ZCTA5 23336,"3,345"
ZCTA5 23337,
    ZCTA5 23337,524
ZCTA5 23347,
    ZCTA5 23347,447
ZCTA5 23350,
    ZCTA5 23350,"3,433"
ZCTA5 23354,
    ZCTA5 23354,327
ZCTA5 23356,
    ZCTA5 23356,"1,736"
ZCTA5 23357,
    ZCTA5 23357,730
ZCTA5 23358,
    ZCTA5 23358,123
ZCTA5 23359,
    ZCTA5 23359,653
ZCTA5 23389,
    ZCTA5 23389,180
ZCTA5 23395,
    ZCTA5 23395,922
ZCTA5 23398,
    ZCTA5 23398,83
ZCTA5 23401,
    ZCTA5 23401,168
ZCTA5 23405,
    ZCTA5 23405,"1,075"
ZCTA5 23407,
    ZCTA5 23407,313
ZCTA5 23408,
    ZCTA5 23408,49
ZCTA5 23409,
    ZCTA5 23409,149
ZCTA5 23410,
    ZCTA5 23410,"2,440"
ZCTA5 23413,
    ZCTA5 23413,799
ZCTA5 23414,
    ZCTA5 23414,96
ZCTA5 23415,
    ZCTA5 23415,"2,021"
ZCTA5 23416,
    ZCTA5 23416,330
ZCTA5 23417,
    ZCTA5 23417,"3,625"
ZCTA5 23418,
    ZCTA5 23418,"1,010"
ZCTA5 23420,
    ZCTA5 23420,"2,387"
ZCTA5 23421,
    ZCTA5 23421,"4,172"
ZCTA5 23422,
    ZCTA5 23422,226
ZCTA5 23423,
    ZCTA5 23423,384
ZCTA5 23426,
    ZCTA5 23426,140
ZCTA5 23427,
    ZCTA5 23427,173
ZCTA5 23430,
    ZCTA5 23430,"18,232"
ZCTA5 23432,
    ZCTA5 23432,"1,539"
ZCTA5 23433,
    ZCTA5 23433,"1,291"
ZCTA5 23434,
    ZCTA5 23434,"51,430"
ZCTA5 23435,
    ZCTA5 23435,"32,597"
ZCTA5 23436,
    ZCTA5 23436,962
ZCTA5 23437,
    ZCTA5 23437,"4,448"
ZCTA5 23438,
    ZCTA5 23438,"1,839"
ZCTA5 23440,
    ZCTA5 23440,438
ZCTA5 23441,
    ZCTA5 23441,53
ZCTA5 23442,
    ZCTA5 23442,"1,074"
ZCTA5 23451,
    ZCTA5 23451,"44,879"
ZCTA5 23452,
    ZCTA5 23452,"59,076"
ZCTA5 23453,
    ZCTA5 23453,"36,292"
ZCTA5 23454,
    ZCTA5 23454,"58,665"
ZCTA5 23455,
    ZCTA5 23455,"50,599"
ZCTA5 23456,
    ZCTA5 23456,"59,454"
ZCTA5 23457,
    ZCTA5 23457,"4,481"
ZCTA5 23459,
    ZCTA5 23459,"1,055"
ZCTA5 23460,
    ZCTA5 23460,"1,227"
ZCTA5 23461,
    ZCTA5 23461,603
ZCTA5 23462,
    ZCTA5 23462,"68,045"
ZCTA5 23464,
    ZCTA5 23464,"75,118"
ZCTA5 23480,
    ZCTA5 23480,331
ZCTA5 23486,
    ZCTA5 23486,148
ZCTA5 23487,
    ZCTA5 23487,"6,397"
ZCTA5 23488,
    ZCTA5 23488,173
ZCTA5 23502,
    ZCTA5 23502,"20,547"
ZCTA5 23503,
    ZCTA5 23503,"31,932"
ZCTA5 23504,
    ZCTA5 23504,"22,465"
ZCTA5 23505,
    ZCTA5 23505,"27,785"
ZCTA5 23507,
    ZCTA5 23507,"6,460"
ZCTA5 23508,
    ZCTA5 23508,"20,485"
ZCTA5 23509,
    ZCTA5 23509,"12,963"
ZCTA5 23510,
    ZCTA5 23510,"8,778"
ZCTA5 23511,
    ZCTA5 23511,"12,831"
ZCTA5 23513,
    ZCTA5 23513,"29,105"
ZCTA5 23517,
    ZCTA5 23517,"5,237"
ZCTA5 23518,
    ZCTA5 23518,"30,278"
ZCTA5 23523,
    ZCTA5 23523,"7,061"
ZCTA5 23551,
    ZCTA5 23551,"2,054"
ZCTA5 23601,
    ZCTA5 23601,"25,729"
ZCTA5 23602,
    ZCTA5 23602,"42,004"
ZCTA5 23603,
    ZCTA5 23603,"3,526"
ZCTA5 23604,
    ZCTA5 23604,"5,160"
ZCTA5 23605,
    ZCTA5 23605,"14,053"
ZCTA5 23606,
    ZCTA5 23606,"31,684"
ZCTA5 23607,
    ZCTA5 23607,"23,498"
ZCTA5 23608,
    ZCTA5 23608,"43,943"
ZCTA5 23651,
    ZCTA5 23651,494
ZCTA5 23661,
    ZCTA5 23661,"13,771"
ZCTA5 23662,
    ZCTA5 23662,"12,460"
ZCTA5 23663,
    ZCTA5 23663,"13,374"
ZCTA5 23664,
    ZCTA5 23664,"10,301"
ZCTA5 23665,
    ZCTA5 23665,"5,935"
ZCTA5 23666,
    ZCTA5 23666,"52,845"
ZCTA5 23667,
    ZCTA5 23667,80
ZCTA5 23668,
    ZCTA5 23668,739
ZCTA5 23669,
    ZCTA5 23669,"41,030"
ZCTA5 23681,
    ZCTA5 23681,0
ZCTA5 23690,
    ZCTA5 23690,"3,937"
ZCTA5 23691,
    ZCTA5 23691,577
ZCTA5 23692,
    ZCTA5 23692,"19,539"
ZCTA5 23693,
    ZCTA5 23693,"23,814"
ZCTA5 23696,
    ZCTA5 23696,"3,805"
ZCTA5 23701,
    ZCTA5 23701,"24,629"
ZCTA5 23702,
    ZCTA5 23702,"12,239"
ZCTA5 23703,
    ZCTA5 23703,"26,388"
ZCTA5 23704,
    ZCTA5 23704,"19,505"
ZCTA5 23707,
    ZCTA5 23707,"14,316"
ZCTA5 23708,
    ZCTA5 23708,120
ZCTA5 23709,
    ZCTA5 23709,624
ZCTA5 23801,
    ZCTA5 23801,"9,874"
ZCTA5 23803,
    ZCTA5 23803,"44,377"
ZCTA5 23805,
    ZCTA5 23805,"19,656"
ZCTA5 23821,
    ZCTA5 23821,"1,778"
ZCTA5 23824,
    ZCTA5 23824,"7,021"
ZCTA5 23827,
    ZCTA5 23827,"1,273"
ZCTA5 23828,
    ZCTA5 23828,431
ZCTA5 23829,
    ZCTA5 23829,"2,473"
ZCTA5 23830,
    ZCTA5 23830,"1,678"
ZCTA5 23831,
    ZCTA5 23831,"37,216"
ZCTA5 23832,
    ZCTA5 23832,"39,640"
ZCTA5 23833,
    ZCTA5 23833,"2,147"
ZCTA5 23834,
    ZCTA5 23834,"26,635"
ZCTA5 23836,
    ZCTA5 23836,"14,643"
ZCTA5 23837,
    ZCTA5 23837,"4,109"
ZCTA5 23838,
    ZCTA5 23838,"16,997"
ZCTA5 23839,
    ZCTA5 23839,848
ZCTA5 23840,
    ZCTA5 23840,"1,642"
ZCTA5 23841,
    ZCTA5 23841,"3,509"
ZCTA5 23842,
    ZCTA5 23842,"7,103"
ZCTA5 23843,
    ZCTA5 23843,538
ZCTA5 23844,
    ZCTA5 23844,691
ZCTA5 23845,
    ZCTA5 23845,358
ZCTA5 23846,
    ZCTA5 23846,872
ZCTA5 23847,
    ZCTA5 23847,"12,768"
ZCTA5 23850,
    ZCTA5 23850,"1,081"
ZCTA5 23851,
    ZCTA5 23851,"13,258"
ZCTA5 23856,
    ZCTA5 23856,888
ZCTA5 23857,
    ZCTA5 23857,399
ZCTA5 23860,
    ZCTA5 23860,"32,139"
ZCTA5 23866,
    ZCTA5 23866,"2,189"
ZCTA5 23867,
    ZCTA5 23867,"5,298"
ZCTA5 23868,
    ZCTA5 23868,"6,379"
ZCTA5 23870,
    ZCTA5 23870,7
ZCTA5 23872,
    ZCTA5 23872,"2,322"
ZCTA5 23874,
    ZCTA5 23874,986
ZCTA5 23875,
    ZCTA5 23875,"11,791"
ZCTA5 23876,
    ZCTA5 23876,435
ZCTA5 23878,
    ZCTA5 23878,"1,162"
ZCTA5 23879,
    ZCTA5 23879,629
ZCTA5 23881,
    ZCTA5 23881,"1,876"
ZCTA5 23882,
    ZCTA5 23882,"2,219"
ZCTA5 23883,
    ZCTA5 23883,"2,169"
ZCTA5 23884,
    ZCTA5 23884,50
ZCTA5 23885,
    ZCTA5 23885,"2,779"
ZCTA5 23887,
    ZCTA5 23887,529
ZCTA5 23888,
    ZCTA5 23888,"2,124"
ZCTA5 23889,
    ZCTA5 23889,569
ZCTA5 23890,
    ZCTA5 23890,"3,988"
ZCTA5 23891,
    ZCTA5 23891,"1,917"
ZCTA5 23893,
    ZCTA5 23893,419
ZCTA5 23894,
    ZCTA5 23894,626
ZCTA5 23897,
    ZCTA5 23897,563
ZCTA5 23898,
    ZCTA5 23898,"2,186"
ZCTA5 23899,
    ZCTA5 23899,292
ZCTA5 23901,
    ZCTA5 23901,"14,967"
ZCTA5 23909,
    ZCTA5 23909,"1,329"
ZCTA5 23915,
    ZCTA5 23915,"1,196"
ZCTA5 23917,
    ZCTA5 23917,"2,704"
ZCTA5 23919,
    ZCTA5 23919,"2,310"
ZCTA5 23920,
    ZCTA5 23920,"3,182"
ZCTA5 23921,
    ZCTA5 23921,"2,060"
ZCTA5 23922,
    ZCTA5 23922,"4,300"
ZCTA5 23923,
    ZCTA5 23923,"2,474"
ZCTA5 23924,
    ZCTA5 23924,"5,538"
ZCTA5 23927,
    ZCTA5 23927,"4,483"
ZCTA5 23930,
    ZCTA5 23930,"5,231"
ZCTA5 23934,
    ZCTA5 23934,811
ZCTA5 23936,
    ZCTA5 23936,"7,850"
ZCTA5 23937,
    ZCTA5 23937,"1,841"
ZCTA5 23938,
    ZCTA5 23938,416
ZCTA5 23942,
    ZCTA5 23942,"1,123"
ZCTA5 23943,
    ZCTA5 23943,759
ZCTA5 23944,
    ZCTA5 23944,"3,620"
ZCTA5 23947,
    ZCTA5 23947,"4,119"
ZCTA5 23950,
    ZCTA5 23950,"3,482"
ZCTA5 23952,
    ZCTA5 23952,219
ZCTA5 23954,
    ZCTA5 23954,"2,030"
ZCTA5 23955,
    ZCTA5 23955,21
ZCTA5 23958,
    ZCTA5 23958,"3,261"
ZCTA5 23959,
    ZCTA5 23959,"1,127"
ZCTA5 23960,
    ZCTA5 23960,"1,823"
ZCTA5 23962,
    ZCTA5 23962,660
ZCTA5 23963,
    ZCTA5 23963,454
ZCTA5 23964,
    ZCTA5 23964,997
ZCTA5 23966,
    ZCTA5 23966,"2,449"
ZCTA5 23967,
    ZCTA5 23967,840
ZCTA5 23968,
    ZCTA5 23968,804
ZCTA5 23970,
    ZCTA5 23970,"8,002"
ZCTA5 23974,
    ZCTA5 23974,"4,700"
ZCTA5 23976,
    ZCTA5 23976,187
ZCTA5 24011,
    ZCTA5 24011,908
ZCTA5 24012,
    ZCTA5 24012,"30,037"
ZCTA5 24013,
    ZCTA5 24013,"7,835"
ZCTA5 24014,
    ZCTA5 24014,"16,869"
ZCTA5 24015,
    ZCTA5 24015,"15,973"
ZCTA5 24016,
    ZCTA5 24016,"9,371"
ZCTA5 24017,
    ZCTA5 24017,"23,902"
ZCTA5 24018,
    ZCTA5 24018,"39,144"
ZCTA5 24019,
    ZCTA5 24019,"27,630"
ZCTA5 24020,
    ZCTA5 24020,524
ZCTA5 24022,
    ZCTA5 24022,0
ZCTA5 24053,
    ZCTA5 24053,"2,356"
ZCTA5 24054,
    ZCTA5 24054,"6,208"
ZCTA5 24055,
    ZCTA5 24055,"12,236"
ZCTA5 24058,
    ZCTA5 24058,316
ZCTA5 24059,
    ZCTA5 24059,"1,037"
ZCTA5 24060,
    ZCTA5 24060,"46,755"
ZCTA5 24061,
    ZCTA5 24061,"9,836"
ZCTA5 24064,
    ZCTA5 24064,"5,017"
ZCTA5 24065,
    ZCTA5 24065,"6,267"
ZCTA5 24066,
    ZCTA5 24066,"4,787"
ZCTA5 24067,
    ZCTA5 24067,"2,400"
ZCTA5 24069,
    ZCTA5 24069,"1,805"
ZCTA5 24070,
    ZCTA5 24070,"1,375"
ZCTA5 24072,
    ZCTA5 24072,"1,450"
ZCTA5 24073,
    ZCTA5 24073,"32,093"
ZCTA5 24076,
    ZCTA5 24076,"1,050"
ZCTA5 24077,
    ZCTA5 24077,922
ZCTA5 24078,
    ZCTA5 24078,"7,062"
ZCTA5 24079,
    ZCTA5 24079,"1,631"
ZCTA5 24082,
    ZCTA5 24082,412
ZCTA5 24083,
    ZCTA5 24083,"3,814"
ZCTA5 24084,
    ZCTA5 24084,"10,894"
ZCTA5 24085,
    ZCTA5 24085,"2,220"
ZCTA5 24086,
    ZCTA5 24086,198
ZCTA5 24087,
    ZCTA5 24087,"3,604"
ZCTA5 24088,
    ZCTA5 24088,"4,805"
ZCTA5 24089,
    ZCTA5 24089,"2,388"
ZCTA5 24090,
    ZCTA5 24090,"4,712"
ZCTA5 24091,
    ZCTA5 24091,"7,416"
ZCTA5 24092,
    ZCTA5 24092,"2,999"
ZCTA5 24093,
    ZCTA5 24093,185
ZCTA5 24095,
    ZCTA5 24095,"4,275"
ZCTA5 24101,
    ZCTA5 24101,"6,490"
ZCTA5 24102,
    ZCTA5 24102,"1,508"
ZCTA5 24104,
    ZCTA5 24104,"3,551"
ZCTA5 24105,
    ZCTA5 24105,449
ZCTA5 24112,
    ZCTA5 24112,"30,978"
ZCTA5 24120,
    ZCTA5 24120,"1,858"
ZCTA5 24121,
    ZCTA5 24121,"10,537"
ZCTA5 24122,
    ZCTA5 24122,"1,624"
ZCTA5 24124,
    ZCTA5 24124,"4,370"
ZCTA5 24127,
    ZCTA5 24127,"3,980"
ZCTA5 24128,
    ZCTA5 24128,"1,767"
ZCTA5 24129,
    ZCTA5 24129,29
ZCTA5 24131,
    ZCTA5 24131,106
ZCTA5 24132,
    ZCTA5 24132,460
ZCTA5 24133,
    ZCTA5 24133,"2,345"
ZCTA5 24134,
    ZCTA5 24134,"5,638"
ZCTA5 24136,
    ZCTA5 24136,"3,259"
ZCTA5 24137,
    ZCTA5 24137,"2,506"
ZCTA5 24138,
    ZCTA5 24138,"1,445"
ZCTA5 24139,
    ZCTA5 24139,560
ZCTA5 24141,
    ZCTA5 24141,"20,308"
ZCTA5 24142,
    ZCTA5 24142,"2,608"
ZCTA5 24147,
    ZCTA5 24147,"1,088"
ZCTA5 24148,
    ZCTA5 24148,"7,633"
ZCTA5 24149,
    ZCTA5 24149,"3,632"
ZCTA5 24150,
    ZCTA5 24150,691
ZCTA5 24151,
    ZCTA5 24151,"18,785"
ZCTA5 24153,
    ZCTA5 24153,"38,728"
ZCTA5 24161,
    ZCTA5 24161,393
ZCTA5 24162,
    ZCTA5 24162,"2,254"
ZCTA5 24165,
    ZCTA5 24165,"1,655"
ZCTA5 24167,
    ZCTA5 24167,329
ZCTA5 24168,
    ZCTA5 24168,214
ZCTA5 24171,
    ZCTA5 24171,"8,090"
ZCTA5 24174,
    ZCTA5 24174,"2,362"
ZCTA5 24175,
    ZCTA5 24175,"8,165"
ZCTA5 24176,
    ZCTA5 24176,"1,527"
ZCTA5 24179,
    ZCTA5 24179,"19,024"
ZCTA5 24184,
    ZCTA5 24184,"4,582"
ZCTA5 24185,
    ZCTA5 24185,796
ZCTA5 24201,
    ZCTA5 24201,"16,267"
ZCTA5 24202,
    ZCTA5 24202,"12,716"
ZCTA5 24210,
    ZCTA5 24210,"17,284"
ZCTA5 24211,
    ZCTA5 24211,"9,864"
ZCTA5 24216,
    ZCTA5 24216,"2,441"
ZCTA5 24217,
    ZCTA5 24217,407
ZCTA5 24219,
    ZCTA5 24219,"10,429"
ZCTA5 24220,
    ZCTA5 24220,621
ZCTA5 24221,
    ZCTA5 24221,785
ZCTA5 24224,
    ZCTA5 24224,"5,438"
ZCTA5 24225,
    ZCTA5 24225,"1,674"
ZCTA5 24226,
    ZCTA5 24226,"1,260"
ZCTA5 24228,
    ZCTA5 24228,"6,418"
ZCTA5 24230,
    ZCTA5 24230,"7,708"
ZCTA5 24236,
    ZCTA5 24236,"2,984"
ZCTA5 24237,
    ZCTA5 24237,"1,108"
ZCTA5 24239,
    ZCTA5 24239,90
ZCTA5 24243,
    ZCTA5 24243,"1,867"
ZCTA5 24244,
    ZCTA5 24244,"5,398"
ZCTA5 24245,
    ZCTA5 24245,"1,000"
ZCTA5 24246,
    ZCTA5 24246,399
ZCTA5 24248,
    ZCTA5 24248,"2,181"
ZCTA5 24250,
    ZCTA5 24250,"1,209"
ZCTA5 24251,
    ZCTA5 24251,"8,405"
ZCTA5 24256,
    ZCTA5 24256,"3,124"
ZCTA5 24258,
    ZCTA5 24258,"1,259"
ZCTA5 24260,
    ZCTA5 24260,"5,072"
ZCTA5 24263,
    ZCTA5 24263,"5,770"
ZCTA5 24265,
    ZCTA5 24265,703
ZCTA5 24266,
    ZCTA5 24266,"8,705"
ZCTA5 24269,
    ZCTA5 24269,225
ZCTA5 24270,
    ZCTA5 24270,455
ZCTA5 24271,
    ZCTA5 24271,"2,538"
ZCTA5 24272,
    ZCTA5 24272,517
ZCTA5 24273,
    ZCTA5 24273,"5,730"
ZCTA5 24277,
    ZCTA5 24277,"6,463"
ZCTA5 24279,
    ZCTA5 24279,"4,693"
ZCTA5 24280,
    ZCTA5 24280,772
ZCTA5 24281,
    ZCTA5 24281,"2,279"
ZCTA5 24282,
    ZCTA5 24282,454
ZCTA5 24283,
    ZCTA5 24283,"2,133"
ZCTA5 24290,
    ZCTA5 24290,"1,777"
ZCTA5 24292,
    ZCTA5 24292,352
ZCTA5 24293,
    ZCTA5 24293,"9,442"
ZCTA5 24301,
    ZCTA5 24301,"14,040"
ZCTA5 24311,
    ZCTA5 24311,"1,705"
ZCTA5 24312,
    ZCTA5 24312,"2,161"
ZCTA5 24313,
    ZCTA5 24313,923
ZCTA5 24314,
    ZCTA5 24314,"1,332"
ZCTA5 24315,
    ZCTA5 24315,"3,548"
ZCTA5 24316,
    ZCTA5 24316,47
ZCTA5 24317,
    ZCTA5 24317,"3,756"
ZCTA5 24318,
    ZCTA5 24318,601
ZCTA5 24319,
    ZCTA5 24319,"6,500"
ZCTA5 24322,
    ZCTA5 24322,190
ZCTA5 24323,
    ZCTA5 24323,692
ZCTA5 24324,
    ZCTA5 24324,"2,012"
ZCTA5 24325,
    ZCTA5 24325,975
ZCTA5 24326,
    ZCTA5 24326,"1,019"
ZCTA5 24327,
    ZCTA5 24327,684
ZCTA5 24328,
    ZCTA5 24328,"1,999"
ZCTA5 24330,
    ZCTA5 24330,"3,056"
ZCTA5 24333,
    ZCTA5 24333,"17,309"
ZCTA5 24340,
    ZCTA5 24340,"5,319"
ZCTA5 24343,
    ZCTA5 24343,"8,849"
ZCTA5 24347,
    ZCTA5 24347,"1,767"
ZCTA5 24348,
    ZCTA5 24348,"4,725"
ZCTA5 24350,
    ZCTA5 24350,"1,173"
ZCTA5 24351,
    ZCTA5 24351,528
ZCTA5 24352,
    ZCTA5 24352,929
ZCTA5 24354,
    ZCTA5 24354,"14,446"
ZCTA5 24360,
    ZCTA5 24360,"5,653"
ZCTA5 24361,
    ZCTA5 24361,"4,555"
ZCTA5 24363,
    ZCTA5 24363,"1,242"
ZCTA5 24366,
    ZCTA5 24366,631
ZCTA5 24368,
    ZCTA5 24368,"4,896"
ZCTA5 24370,
    ZCTA5 24370,"5,832"
ZCTA5 24374,
    ZCTA5 24374,705
ZCTA5 24375,
    ZCTA5 24375,"1,451"
ZCTA5 24377,
    ZCTA5 24377,278
ZCTA5 24378,
    ZCTA5 24378,"1,065"
ZCTA5 24380,
    ZCTA5 24380,"2,696"
ZCTA5 24381,
    ZCTA5 24381,"3,657"
ZCTA5 24382,
    ZCTA5 24382,"14,109"
ZCTA5 24401,
    ZCTA5 24401,"38,522"
ZCTA5 24411,
    ZCTA5 24411,35
ZCTA5 24412,
    ZCTA5 24412,106
ZCTA5 24413,
    ZCTA5 24413,220
ZCTA5 24415,
    ZCTA5 24415,63
ZCTA5 24416,
    ZCTA5 24416,"8,888"
ZCTA5 24421,
    ZCTA5 24421,"3,723"
ZCTA5 24422,
    ZCTA5 24422,"5,821"
ZCTA5 24426,
    ZCTA5 24426,"13,695"
ZCTA5 24430,
    ZCTA5 24430,"2,858"
ZCTA5 24431,
    ZCTA5 24431,"2,712"
ZCTA5 24432,
    ZCTA5 24432,283
ZCTA5 24433,
    ZCTA5 24433,96
ZCTA5 24435,
    ZCTA5 24435,"1,695"
ZCTA5 24437,
    ZCTA5 24437,"1,048"
ZCTA5 24439,
    ZCTA5 24439,"1,119"
ZCTA5 24440,
    ZCTA5 24440,"2,742"
ZCTA5 24441,
    ZCTA5 24441,"6,327"
ZCTA5 24442,
    ZCTA5 24442,88
ZCTA5 24445,
    ZCTA5 24445,"2,289"
ZCTA5 24448,
    ZCTA5 24448,311
ZCTA5 24450,
    ZCTA5 24450,"17,654"
ZCTA5 24457,
    ZCTA5 24457,372
ZCTA5 24458,
    ZCTA5 24458,364
ZCTA5 24459,
    ZCTA5 24459,734
ZCTA5 24460,
    ZCTA5 24460,"1,493"
ZCTA5 24464,
    ZCTA5 24464,138
ZCTA5 24465,
    ZCTA5 24465,"1,305"
ZCTA5 24467,
    ZCTA5 24467,"2,204"
ZCTA5 24469,
    ZCTA5 24469,16
ZCTA5 24471,
    ZCTA5 24471,"1,471"
ZCTA5 24472,
    ZCTA5 24472,"2,501"
ZCTA5 24473,
    ZCTA5 24473,871
ZCTA5 24474,
    ZCTA5 24474,360
ZCTA5 24476,
    ZCTA5 24476,315
ZCTA5 24477,
    ZCTA5 24477,"11,269"
ZCTA5 24479,
    ZCTA5 24479,"1,485"
ZCTA5 24482,
    ZCTA5 24482,"5,200"
ZCTA5 24483,
    ZCTA5 24483,670
ZCTA5 24484,
    ZCTA5 24484,699
ZCTA5 24485,
    ZCTA5 24485,438
ZCTA5 24486,
    ZCTA5 24486,"3,826"
ZCTA5 24487,
    ZCTA5 24487,286
ZCTA5 24501,
    ZCTA5 24501,"27,160"
ZCTA5 24502,
    ZCTA5 24502,"41,058"
ZCTA5 24503,
    ZCTA5 24503,"19,810"
ZCTA5 24504,
    ZCTA5 24504,"9,585"
ZCTA5 24515,
    ZCTA5 24515,"6,685"
ZCTA5 24517,
    ZCTA5 24517,"5,306"
ZCTA5 24520,
    ZCTA5 24520,"2,308"
ZCTA5 24521,
    ZCTA5 24521,"9,902"
ZCTA5 24522,
    ZCTA5 24522,"10,041"
ZCTA5 24523,
    ZCTA5 24523,"18,992"
ZCTA5 24526,
    ZCTA5 24526,"1,408"
ZCTA5 24527,
    ZCTA5 24527,"2,796"
ZCTA5 24528,
    ZCTA5 24528,"2,994"
ZCTA5 24529,
    ZCTA5 24529,"1,532"
ZCTA5 24530,
    ZCTA5 24530,"1,062"
ZCTA5 24531,
    ZCTA5 24531,"8,836"
ZCTA5 24534,
    ZCTA5 24534,"1,471"
ZCTA5 24536,
    ZCTA5 24536,317
ZCTA5 24538,
    ZCTA5 24538,"4,729"
ZCTA5 24539,
    ZCTA5 24539,124
ZCTA5 24540,
    ZCTA5 24540,"32,094"
ZCTA5 24541,
    ZCTA5 24541,"27,529"
ZCTA5 24549,
    ZCTA5 24549,"4,121"
ZCTA5 24550,
    ZCTA5 24550,"7,772"
ZCTA5 24551,
    ZCTA5 24551,"25,601"
ZCTA5 24553,
    ZCTA5 24553,"1,827"
ZCTA5 24554,
    ZCTA5 24554,"3,952"
ZCTA5 24555,
    ZCTA5 24555,"2,012"
ZCTA5 24556,
    ZCTA5 24556,"3,357"
ZCTA5 24557,
    ZCTA5 24557,"7,550"
ZCTA5 24558,
    ZCTA5 24558,"6,036"
ZCTA5 24562,
    ZCTA5 24562,467
ZCTA5 24563,
    ZCTA5 24563,"5,028"
ZCTA5 24565,
    ZCTA5 24565,907
ZCTA5 24566,
    ZCTA5 24566,"1,325"
ZCTA5 24569,
    ZCTA5 24569,938
ZCTA5 24570,
    ZCTA5 24570,41
ZCTA5 24571,
    ZCTA5 24571,"1,904"
ZCTA5 24572,
    ZCTA5 24572,"16,399"
ZCTA5 24574,
    ZCTA5 24574,"3,868"
ZCTA5 24577,
    ZCTA5 24577,"4,821"
ZCTA5 24578,
    ZCTA5 24578,"1,043"
ZCTA5 24579,
    ZCTA5 24579,"1,304"
ZCTA5 24580,
    ZCTA5 24580,582
ZCTA5 24581,
    ZCTA5 24581,38
ZCTA5 24586,
    ZCTA5 24586,"5,124"
ZCTA5 24588,
    ZCTA5 24588,"9,196"
ZCTA5 24589,
    ZCTA5 24589,"2,092"
ZCTA5 24590,
    ZCTA5 24590,"7,909"
ZCTA5 24592,
    ZCTA5 24592,"13,453"
ZCTA5 24593,
    ZCTA5 24593,"2,132"
ZCTA5 24594,
    ZCTA5 24594,"1,595"
ZCTA5 24595,
    ZCTA5 24595,522
ZCTA5 24597,
    ZCTA5 24597,"1,171"
ZCTA5 24598,
    ZCTA5 24598,"1,785"
ZCTA5 24599,
    ZCTA5 24599,621
ZCTA5 24601,
    ZCTA5 24601,59
ZCTA5 24602,
    ZCTA5 24602,787
ZCTA5 24603,
    ZCTA5 24603,804
ZCTA5 24604,
    ZCTA5 24604,167
ZCTA5 24605,
    ZCTA5 24605,"9,104"
ZCTA5 24606,
    ZCTA5 24606,158
ZCTA5 24607,
    ZCTA5 24607,322
ZCTA5 24609,
    ZCTA5 24609,"6,620"
ZCTA5 24612,
    ZCTA5 24612,293
ZCTA5 24613,
    ZCTA5 24613,849
ZCTA5 24614,
    ZCTA5 24614,"7,252"
ZCTA5 24620,
    ZCTA5 24620,"2,208"
ZCTA5 24622,
    ZCTA5 24622,987
ZCTA5 24630,
    ZCTA5 24630,"5,971"
ZCTA5 24631,
    ZCTA5 24631,"2,578"
ZCTA5 24634,
    ZCTA5 24634,446
ZCTA5 24635,
    ZCTA5 24635,766
ZCTA5 24637,
    ZCTA5 24637,"3,302"
ZCTA5 24639,
    ZCTA5 24639,"3,099"
ZCTA5 24641,
    ZCTA5 24641,"5,377"
ZCTA5 24646,
    ZCTA5 24646,607
ZCTA5 24649,
    ZCTA5 24649,"2,242"
ZCTA5 24651,
    ZCTA5 24651,"5,976"
ZCTA5 24656,
    ZCTA5 24656,"2,875"
ZCTA5 24657,
    ZCTA5 24657,258
ZCTA5 27048,
    ZCTA5 27048,"7,910"
ZCTA5 28675,
    ZCTA5 28675,"6,138"
ZCTA5 37642,
    ZCTA5 37642,"15,041"
ZCTA5 37752,
    ZCTA5 37752,"6,421"
